<?xml version="1.0" encoding="UTF-8"?>
<preferences>
 <debug showDebugMenu="0" />
 <systemtable filter="All Interfaces">
  <columns>
   <connections preferredWidth="223" />
   <irq preferredWidth="34" />
  </columns>
 </systemtable>
 <library
   expandedCategories="Library/University Program,Project,Library/Processors and Peripherals,Library/University Program/Generic IO,Library,Library/Processors and Peripherals/Peripherals" />
 <window width="1554" height="1030" x="0" y="0" />
 <generation path="_PROJECT_NAME_" />
</preferences>
