{
	"system" : {
		"platform" : "windows64",
		"os_name" : "Windows 10",
		"os_version" : "10.0"
	},
	"error" : {
		"executable" : "quartus",
		"comment" : "not_applicable",
		"error_message" : "Access Violation at 0X00007FFBAC4B1F7E",
		"source_file" : "unknown",
		"line" : "0",
		"stack_trace" : "\t0x7ffbac4b1f7d: mega_ipqsys + 0x1f7d (?close_frame@IPQSYS_FRAME_WND@@QEAAXXZ + 0x7d)\n\t0x1382490e6ff:\n\t0x7ffb0000003c:\n\t0x1380000001f:\n\t0x1380000416d:\n\t0x1382490e79f:\n\t0x7ffbac4b4481: mega_ipqsys + 0x4481 (?close_view@IPQSYS_VIEW_EXTERNAL@@QEAAXXZ + 0x1e1)\n\t 0xfffffffe:\n\t0x1382490e79f:\n\t0x1382227fb9f:\n\t0x1382490e79f:\n\t0x2b00000000:\n\t0x2baeffb85f:\n\t0x1382afbcc3f:\n\t0xfffffffffffffffd:\n\t0x2baeffb817:\n\t0x1381dc257ff:\n\t        0xd:\n\t0x1382490e79f:\n\t        0xd:\n",
		"subsystem" : "unknown"
	},
	"quartus" : {
		"quartus_bits" : "64",
		"version" : "18.1.0",
		"build" : "625",
		"edition" : "Lite Edition"
	}
}